movie_qa_id,labels,flesch_score_textstat,mean_grade_level_textstat,mean_of_fixations,max_of_fixations,min_of_fixations,median_of_fixations,mean_of_trts,max_of_trts,min_of_trts,mean_of_omissionRates,max_of_omissionRates,min_of_omissionRates,median_of_omissionRates,mean_of_pupil_diameter,max_of_pupil_diameter,min_of_pupil_diameter,median_of_pupil_diameter,mean_of_average_fixation_duration,max_of_average_fixation_duration,min_of_average_fixation_duration,median_of_average_fixation_duration,participantG_accuracy,participantI_accuracy,participantL_accuracy,participantN_accuracy,participantQ_accuracy,participantT_accuracy,average_question_accuracy,number_of_words,number_of_characters
tt0758774_244,3,50.77,12.0,164.0,271,64,169.5,35796.0,72828.0,12831.0,0.5106209150326797,0.7892156862745098,0.3088235294117647,0.49754901960784315,878.8118337459267,1137.5218697210157,298.1341058206454,1017.5875914157023,227.94099098598963,268.7380073800738,184.41758241758242,227.0203172918141,1,1,1,1,1,1,1.0,204,1212
tt1371111_583,3,73.17,9.0,201.5,299,63,216.5,53870.0,78218.0,12060.0,0.47794117647058826,0.7598039215686274,0.2107843137254902,0.4950980392156863,1057.8493241281212,1767.2656530598279,376.6143950048842,1074.2857555396463,238.2065452390162,262.7593984962406,191.42857142857142,249.9843267684014,1,1,1,1,1,1,1.0,240,1376
tt0105414_1362,3,71.95,9.0,149.83333333333334,194,63,162.0,36532.0,47349.0,14244.0,0.5065359477124183,0.7745098039215687,0.3235294117647059,0.4926470588235294,695.6980202923112,821.2227792781255,380.3426498986716,790.613325996224,219.68682686812852,264.5195530726257,168.07194244604315,218.6247619047619,1,1,1,1,1,1,1.0,243,1359
tt0108399_1738,5,71.34,10.0,168.5,211,136,159.0,35074.5,60031.0,30094.0,0.49264705882352944,0.5784313725490197,0.37745098039215685,0.5147058823529411,897.4794904136746,964.1979884210843,820.6437208244947,888.2139832894497,227.91271237216975,284.50710900473933,178.2780487804878,231.83463704630788,1,1,1,1,1,1,1.0,204,1181
