{
  "best_epoch": 2,
  "peak_worker_0_memory_MB": 8746.6953125,
  "peak_gpu_0_memory_MB": 12774.158203125,
  "training_duration": "9:11:15.779466",
  "epoch": 9,
  "training_accuracy": 0.9941814421503176,
  "training_loss": 0.019045759609689083,
  "training_worker_0_memory_MB": 8746.6953125,
  "training_gpu_0_memory_MB": 12774.158203125,
  "validation_accuracy": 0.9190205242836822,
  "validation_loss": 0.47523147361137597,
  "best_validation_accuracy": 0.9226783174151595,
  "best_validation_loss": 0.23196862163264062
}