{
  "best_epoch": 2,
  "peak_worker_0_memory_MB": 8744.66796875,
  "peak_gpu_0_memory_MB": 12774.158203125,
  "training_duration": "5:30:29.783561",
  "epoch": 5,
  "training_accuracy": 0.9696400905189914,
  "training_loss": 0.0918461078631483,
  "training_worker_0_memory_MB": 8744.66796875,
  "training_gpu_0_memory_MB": 12774.158203125,
  "validation_accuracy": 0.9180044706360496,
  "validation_loss": 0.3210160566717628,
  "best_validation_accuracy": 0.9226783174151595,
  "best_validation_loss": 0.23196862163264062
}