{
  "best_epoch": 1,
  "peak_worker_0_memory_MB": 8718.4140625,
  "peak_gpu_0_memory_MB": 12773.28466796875,
  "training_duration": "1:49:35.498178",
  "epoch": 1,
  "training_accuracy": 0.9068903303797538,
  "training_loss": 0.2621563345910056,
  "training_worker_0_memory_MB": 8718.4140625,
  "training_gpu_0_memory_MB": 12773.28466796875,
  "validation_accuracy": 0.9209510262141841,
  "validation_loss": 0.23424494070569415,
  "best_validation_accuracy": 0.9209510262141841,
  "best_validation_loss": 0.23424494070569415
}