{
  "best_epoch": 2,
  "peak_worker_0_memory_MB": 8743.9375,
  "peak_gpu_0_memory_MB": 12771.29052734375,
  "training_duration": "13:53:24.277875",
  "epoch": 6,
  "training_accuracy": 0.9781512788629416,
  "training_loss": 0.06722867805779331,
  "training_worker_0_memory_MB": 8743.9375,
  "training_gpu_0_memory_MB": 12770.29052734375,
  "validation_accuracy": 0.9174964438122333,
  "validation_loss": 0.37968284178104905,
  "best_validation_accuracy": 0.9226783174151595,
  "best_validation_loss": 0.23196862163264062
}