{
  "best_epoch": 2,
  "peak_worker_0_memory_MB": 8743.9375,
  "peak_gpu_0_memory_MB": 12771.29052734375,
  "training_duration": "9:54:08.662188",
  "epoch": 4,
  "training_accuracy": 0.9583270371779631,
  "training_loss": 0.12270457561716802,
  "training_worker_0_memory_MB": 8743.9375,
  "training_gpu_0_memory_MB": 12770.29052734375,
  "validation_accuracy": 0.9218654744970535,
  "validation_loss": 0.28824416671837255,
  "best_validation_accuracy": 0.9226783174151595,
  "best_validation_loss": 0.23196862163264062
}