{
  "best_epoch": 2,
  "peak_worker_0_memory_MB": 8743.9375,
  "peak_gpu_0_memory_MB": 12771.29052734375,
  "training_duration": "7:56:30.237595",
  "epoch": 3,
  "training_accuracy": 0.9450386599111196,
  "training_loss": 0.15971740571700066,
  "training_worker_0_memory_MB": 8743.9375,
  "training_gpu_0_memory_MB": 12770.29052734375,
  "validation_accuracy": 0.919731761837025,
  "validation_loss": 0.2578216774643145,
  "best_validation_accuracy": 0.9226783174151595,
  "best_validation_loss": 0.23196862163264062
}