{
  "best_epoch": 2,
  "peak_worker_0_memory_MB": 8743.9375,
  "peak_gpu_0_memory_MB": 12771.29052734375,
  "training_duration": "5:57:03.914317",
  "epoch": 2,
  "training_accuracy": 0.9277814290421773,
  "training_loss": 0.20579770250957238,
  "training_worker_0_memory_MB": 8743.9375,
  "training_gpu_0_memory_MB": 12770.29052734375,
  "validation_accuracy": 0.9226783174151595,
  "validation_loss": 0.23196862163264062,
  "best_validation_accuracy": 0.9226783174151595,
  "best_validation_loss": 0.23196862163264062
}