{
  "best_epoch": 11,
  "peak_worker_0_memory_MB": 7693.78515625,
  "peak_gpu_0_memory_MB": 635.14111328125,
  "training_duration": "1:36:31.001198",
  "epoch": 11,
  "training_accuracy": 0.9339295109753367,
  "training_loss": 0.1855508493812722,
  "training_worker_0_memory_MB": 7693.78515625,
  "training_gpu_0_memory_MB": 615.2412109375,
  "validation_accuracy": 0.8870148343832555,
  "validation_loss": 0.3602618129028902,
  "best_validation_accuracy": 0.8870148343832555,
  "best_validation_loss": 0.3602618129028902
}