{
  "best_epoch": 6,
  "peak_worker_0_memory_MB": 7693.7734375,
  "peak_gpu_0_memory_MB": 635.14111328125,
  "training_duration": "1:28:23.964832",
  "epoch": 10,
  "training_accuracy": 0.9319614693497088,
  "training_loss": 0.1897353874266644,
  "training_worker_0_memory_MB": 7693.7734375,
  "training_gpu_0_memory_MB": 614.4697265625,
  "validation_accuracy": 0.8866084129242024,
  "validation_loss": 0.36071453403149334,
  "best_validation_accuracy": 0.8868116236537289,
  "best_validation_loss": 0.3292068171423751
}