movie_qa_id,labels,flesch_score_textstat,mean_grade_level_textstat,mean_of_fixations,max_of_fixations,min_of_fixations,median_of_fixations,mean_of_trts,max_of_trts,min_of_trts,mean_of_omissionRates,max_of_omissionRates,min_of_omissionRates,median_of_omissionRates,mean_of_pupil_diameter,max_of_pupil_diameter,min_of_pupil_diameter,median_of_pupil_diameter,mean_of_average_fixation_duration,max_of_average_fixation_duration,min_of_average_fixation_duration,median_of_average_fixation_duration,participantE_accuracy,participantJ_accuracy,participantK_accuracy,participantM_accuracy,participantP_accuracy,participantV_accuracy,average_question_accuracy,number_of_words,number_of_characters
tt0087892_66,3,70.84,10.0,182.66666666666666,323,28,174.0,42098.0,71602.0,6193.0,0.4500805152979066,0.8743961352657005,0.21739130434782608,0.4106280193236715,1042.7799044467174,1845.8101516916272,149.7460469512963,1087.7817095719734,232.43183515931517,278.82781456953643,217.14110429447854,224.60387415279055,1,1,1,1,1,1,1.0,207,1223
tt0412019_317,1,83.7,8.0,207.33333333333334,322,132,202.0,42715.5,70571.0,31497.0,0.37198067632850235,0.4975845410628019,0.17391304347826086,0.4106280193236715,1028.0765785778638,1366.1086800718786,659.0454650251402,1043.576084607218,226.22294489930357,276.6515151515151,205.0923913043478,218.9468814699793,1,1,1,1,0,1,0.8333333333333334,234,1214
tt0120684_848,2,80.11,8.0,200.83333333333334,285,142,178.5,42588.0,70557.0,28237.0,0.3824476650563607,0.5120772946859904,0.25120772946859904,0.4057971014492754,1048.989064708339,1585.9281425421275,762.254980810595,923.8865677403164,227.2538336705792,250.3294117647059,198.85211267605635,225.3132798573975,1,0,1,1,1,1,0.8333333333333334,198,1098
tt1409024_1108,4,68.1,10.0,208.66666666666666,290,171,197.5,45699.0,69702.0,35185.0,0.35426731078904994,0.4444444444444444,0.178743961352657,0.3913043478260869,1167.5206063090352,1667.9641472849016,909.4176368553201,1046.3503205479597,230.17310601608267,263.67836257309943,205.76023391812865,232.1009618573798,1,1,1,1,1,1,1.0,220,1220
tt3316960_1381,5,70.84,8.0,233.66666666666666,427,155,205.5,46827.5,94049.0,29046.0,0.2640901771336554,0.40096618357487923,0.05314009661835749,0.29227053140096615,986.453908843062,1265.087934649689,823.7621829964004,870.5116088830968,227.24761608551896,275.7625,187.39354838709679,221.18817277701348,1,1,1,1,1,1,1.0,260,1431
