{
  "best_epoch": 10,
  "peak_worker_0_memory_MB": 7796.67578125,
  "peak_gpu_0_memory_MB": 591.6171875,
  "training_duration": "0:58:11.787672",
  "epoch": 10,
  "training_accuracy": 0.8912661553278218,
  "training_loss": 0.2992054367665608,
  "training_worker_0_memory_MB": 7796.67578125,
  "training_gpu_0_memory_MB": 570.84912109375,
  "validation_accuracy": 0.8849827270879902,
  "validation_loss": 0.3178722188844309,
  "best_validation_accuracy": 0.8849827270879902,
  "best_validation_loss": 0.3178722188844309
}